地块编号, 名称, 面积/亩, 可种植作物编号
A1, 平旱地·单季（全年一季）, 80.0, 1; 2; 3; 4; 5; 6; 7; 8; 9; 10; 11; 12; 13; 14; 15
A2, 平旱地·单季（全年一季）, 55.0, 1; 2; 3; 4; 5; 6; 7; 8; 9; 10; 11; 12; 13; 14; 15
A3, 平旱地·单季（全年一季）, 35.0, 1; 2; 3; 4; 5; 6; 7; 8; 9; 10; 11; 12; 13; 14; 15
A4, 平旱地·单季（全年一季）, 72.0, 1; 2; 3; 4; 5; 6; 7; 8; 9; 10; 11; 12; 13; 14; 15
A5, 平旱地·单季（全年一季）, 68.0, 1; 2; 3; 4; 5; 6; 7; 8; 9; 10; 11; 12; 13; 14; 15
A6, 平旱地·单季（全年一季）, 55.0, 1; 2; 3; 4; 5; 6; 7; 8; 9; 10; 11; 12; 13; 14; 15
B1, 梯田·单季（全年一季）, 60.0, 1; 2; 3; 4; 5; 6; 7; 8; 9; 10; 11; 12; 13; 14; 15
B2, 梯田·单季（全年一季）, 46.0, 1; 2; 3; 4; 5; 6; 7; 8; 9; 10; 11; 12; 13; 14; 15
B3, 梯田·单季（全年一季）, 40.0, 1; 2; 3; 4; 5; 6; 7; 8; 9; 10; 11; 12; 13; 14; 15
B4, 梯田·单季（全年一季）, 28.0, 1; 2; 3; 4; 5; 6; 7; 8; 9; 10; 11; 12; 13; 14; 15
B5, 梯田·单季（全年一季）, 25.0, 1; 2; 3; 4; 5; 6; 7; 8; 9; 10; 11; 12; 13; 14; 15
B6, 梯田·单季（全年一季）, 86.0, 1; 2; 3; 4; 5; 6; 7; 8; 9; 10; 11; 12; 13; 14; 15
B7, 梯田·单季（全年一季）, 55.0, 1; 2; 3; 4; 5; 6; 7; 8; 9; 10; 11; 12; 13; 14; 15
B8, 梯田·单季（全年一季）, 44.0, 1; 2; 3; 4; 5; 6; 7; 8; 9; 10; 11; 12; 13; 14; 15
B9, 梯田·单季（全年一季）, 50.0, 1; 2; 3; 4; 5; 6; 7; 8; 9; 10; 11; 12; 13; 14; 15
B10, 梯田·单季（全年一季）, 25.0, 1; 2; 3; 4; 5; 6; 7; 8; 9; 10; 11; 12; 13; 14; 15
B11, 梯田·单季（全年一季）, 60.0, 1; 2; 3; 4; 5; 6; 7; 8; 9; 10; 11; 12; 13; 14; 15
B12, 梯田·单季（全年一季）, 45.0, 1; 2; 3; 4; 5; 6; 7; 8; 9; 10; 11; 12; 13; 14; 15
B13, 梯田·单季（全年一季）, 35.0, 1; 2; 3; 4; 5; 6; 7; 8; 9; 10; 11; 12; 13; 14; 15
B14, 梯田·单季（全年一季）, 20.0, 1; 2; 3; 4; 5; 6; 7; 8; 9; 10; 11; 12; 13; 14; 15
C1, 山坡地·单季（全年一季）, 15.0, 1; 2; 3; 4; 5; 6; 7; 8; 9; 10; 11; 12; 13; 14; 15
C2, 山坡地·单季（全年一季）, 13.0, 1; 2; 3; 4; 5; 6; 7; 8; 9; 10; 11; 12; 13; 14; 15
C3, 山坡地·单季（全年一季）, 15.0, 1; 2; 3; 4; 5; 6; 7; 8; 9; 10; 11; 12; 13; 14; 15
C4, 山坡地·单季（全年一季）, 18.0, 1; 2; 3; 4; 5; 6; 7; 8; 9; 10; 11; 12; 13; 14; 15
C5, 山坡地·单季（全年一季）, 27.0, 1; 2; 3; 4; 5; 6; 7; 8; 9; 10; 11; 12; 13; 14; 15
C6, 山坡地·单季（全年一季）, 20.0, 1; 2; 3; 4; 5; 6; 7; 8; 9; 10; 11; 12; 13; 14; 15
D1-1, 水浇地·第一季（3-6月）, 15.0, 16; 17; 18; 19; 20; 21; 22; 23; 24; 25; 26; 27; 28; 29; 30; 31; 32; 33; 34
D1-2, 水浇地·第二季（7-10月）, 15.0, 35; 36; 37
D2-1, 水浇地·第一季（3-6月）, 10.0, 16; 17; 18; 19; 20; 21; 22; 23; 24; 25; 26; 27; 28; 29; 30; 31; 32; 33; 34
D2-2, 水浇地·第二季（7-10月）, 10.0, 35; 36; 37
D3-1, 水浇地·第一季（3-6月）, 14.0, 16; 17; 18; 19; 20; 21; 22; 23; 24; 25; 26; 27; 28; 29; 30; 31; 32; 33; 34
D3-2, 水浇地·第二季（7-10月）, 14.0, 35; 36; 37
D4-1, 水浇地·第一季（3-6月）, 6.0, 16; 17; 18; 19; 20; 21; 22; 23; 24; 25; 26; 27; 28; 29; 30; 31; 32; 33; 34
D4-2, 水浇地·第二季（7-10月）, 6.0, 35; 36; 37
D5-1, 水浇地·第一季（3-6月）, 10.0, 16; 17; 18; 19; 20; 21; 22; 23; 24; 25; 26; 27; 28; 29; 30; 31; 32; 33; 34
D5-2, 水浇地·第二季（7-10月）, 10.0, 35; 36; 37
D6-1, 水浇地·第一季（3-6月）, 12.0, 16; 17; 18; 19; 20; 21; 22; 23; 24; 25; 26; 27; 28; 29; 30; 31; 32; 33; 34
D6-2, 水浇地·第二季（7-10月）, 12.0, 35; 36; 37
D7-1, 水浇地·第一季（3-6月）, 22.0, 16; 17; 18; 19; 20; 21; 22; 23; 24; 25; 26; 27; 28; 29; 30; 31; 32; 33; 34
D7-2, 水浇地·第二季（7-10月）, 22.0, 35; 36; 37
D8-1, 水浇地·第一季（3-6月）, 20.0, 16; 17; 18; 19; 20; 21; 22; 23; 24; 25; 26; 27; 28; 29; 30; 31; 32; 33; 34
D8-2, 水浇地·第二季（7-10月）, 20.0, 35; 36; 37
E1-1, 普通大棚·第一季（5-9月）, 0.6, 17; 18; 19; 20; 21; 22; 23; 24; 25; 26; 27; 28; 29; 30; 31; 32; 33; 34
E1-2, 普通大棚·第二季（9月-次年4月）, 0.6, 38; 39; 40; 41
E2-1, 普通大棚·第一季（5-9月）, 0.6, 17; 18; 19; 20; 21; 22; 23; 24; 25; 26; 27; 28; 29; 30; 31; 32; 33; 34
E2-2, 普通大棚·第二季（9月-次年4月）, 0.6, 38; 39; 40; 41
E3-1, 普通大棚·第一季（5-9月）, 0.6, 17; 18; 19; 20; 21; 22; 23; 24; 25; 26; 27; 28; 29; 30; 31; 32; 33; 34
E3-2, 普通大棚·第二季（9月-次年4月）, 0.6, 38; 39; 40; 41
E4-1, 普通大棚·第一季（5-9月）, 0.6, 17; 18; 19; 20; 21; 22; 23; 24; 25; 26; 27; 28; 29; 30; 31; 32; 33; 34
E4-2, 普通大棚·第二季（9月-次年4月）, 0.6, 38; 39; 40; 41
E5-1, 普通大棚·第一季（5-9月）, 0.6, 17; 18; 19; 20; 21; 22; 23; 24; 25; 26; 27; 28; 29; 30; 31; 32; 33; 34
E5-2, 普通大棚·第二季（9月-次年4月）, 0.6, 38; 39; 40; 41
E6-1, 普通大棚·第一季（5-9月）, 0.6, 17; 18; 19; 20; 21; 22; 23; 24; 25; 26; 27; 28; 29; 30; 31; 32; 33; 34
E6-2, 普通大棚·第二季（9月-次年4月）, 0.6, 38; 39; 40; 41
E7-1, 普通大棚·第一季（5-9月）, 0.6, 17; 18; 19; 20; 21; 22; 23; 24; 25; 26; 27; 28; 29; 30; 31; 32; 33; 34
E7-2, 普通大棚·第二季（9月-次年4月）, 0.6, 38; 39; 40; 41
E8-1, 普通大棚·第一季（5-9月）, 0.6, 17; 18; 19; 20; 21; 22; 23; 24; 25; 26; 27; 28; 29; 30; 31; 32; 33; 34
E8-2, 普通大棚·第二季（9月-次年4月）, 0.6, 38; 39; 40; 41
E9-1, 普通大棚·第一季（5-9月）, 0.6, 17; 18; 19; 20; 21; 22; 23; 24; 25; 26; 27; 28; 29; 30; 31; 32; 33; 34
E9-2, 普通大棚·第二季（9月-次年4月）, 0.6, 38; 39; 40; 41
E10-1, 普通大棚·第一季（5-9月）, 0.6, 17; 18; 19; 20; 21; 22; 23; 24; 25; 26; 27; 28; 29; 30; 31; 32; 33; 34
E10-2, 普通大棚·第二季（9月-次年4月）, 0.6, 38; 39; 40; 41
E11-1, 普通大棚·第一季（5-9月）, 0.6, 17; 18; 19; 20; 21; 22; 23; 24; 25; 26; 27; 28; 29; 30; 31; 32; 33; 34
E11-2, 普通大棚·第二季（9月-次年4月）, 0.6, 38; 39; 40; 41
E12-1, 普通大棚·第一季（5-9月）, 0.6, 17; 18; 19; 20; 21; 22; 23; 24; 25; 26; 27; 28; 29; 30; 31; 32; 33; 34
E12-2, 普通大棚·第二季（9月-次年4月）, 0.6, 38; 39; 40; 41
E13-1, 普通大棚·第一季（5-9月）, 0.6, 17; 18; 19; 20; 21; 22; 23; 24; 25; 26; 27; 28; 29; 30; 31; 32; 33; 34
E13-2, 普通大棚·第二季（9月-次年4月）, 0.6, 38; 39; 40; 41
E14-1, 普通大棚·第一季（5-9月）, 0.6, 17; 18; 19; 20; 21; 22; 23; 24; 25; 26; 27; 28; 29; 30; 31; 32; 33; 34
E14-2, 普通大棚·第二季（9月-次年4月）, 0.6, 38; 39; 40; 41
E15-1, 普通大棚·第一季（5-9月）, 0.6, 17; 18; 19; 20; 21; 22; 23; 24; 25; 26; 27; 28; 29; 30; 31; 32; 33; 34
E15-2, 普通大棚·第二季（9月-次年4月）, 0.6, 38; 39; 40; 41
E16-1, 普通大棚·第一季（5-9月）, 0.6, 17; 18; 19; 20; 21; 22; 23; 24; 25; 26; 27; 28; 29; 30; 31; 32; 33; 34
E16-2, 普通大棚·第二季（9月-次年4月）, 0.6, 38; 39; 40; 41
F1-1, 智慧大棚·第一季（3-7月）, 0.6, 17; 18; 19; 20; 21; 22; 23; 24; 25; 26; 27; 28; 29; 30; 31; 32; 33; 34
F1-2, 智慧大棚·第二季（8月-次年2月）, 0.6, 17; 18; 19; 20; 21; 22; 23; 24; 25; 26; 27; 28; 29; 30; 31; 32; 33; 34
F2-1, 智慧大棚·第一季（3-7月）, 0.6, 17; 18; 19; 20; 21; 22; 23; 24; 25; 26; 27; 28; 29; 30; 31; 32; 33; 34
F2-2, 智慧大棚·第二季（8月-次年2月）, 0.6, 17; 18; 19; 20; 21; 22; 23; 24; 25; 26; 27; 28; 29; 30; 31; 32; 33; 34
F3-1, 智慧大棚·第一季（3-7月）, 0.6, 17; 18; 19; 20; 21; 22; 23; 24; 25; 26; 27; 28; 29; 30; 31; 32; 33; 34
F3-2, 智慧大棚·第二季（8月-次年2月）, 0.6, 17; 18; 19; 20; 21; 22; 23; 24; 25; 26; 27; 28; 29; 30; 31; 32; 33; 34
F4-1, 智慧大棚·第一季（3-7月）, 0.6, 17; 18; 19; 20; 21; 22; 23; 24; 25; 26; 27; 28; 29; 30; 31; 32; 33; 34
F4-2, 智慧大棚·第二季（8月-次年2月）, 0.6, 17; 18; 19; 20; 21; 22; 23; 24; 25; 26; 27; 28; 29; 30; 31; 32; 33; 34
